{
  "0.0": {},
  "0.5": {
    "claim1_covariance_structure": {
      "name": "claim1_covariance_structure",
      "lhs": 0.4827669420371876,
      "rhs": 0.9045100367428723,
      "ratio": 0.5337330957383563,
      "passed": true,
      "detail": {
        "m_norm": 216.6967506332245,
        "trace_sigma_x": 46122.28125,
        "quad_m_hat_sigma_x_m_hat": 3648.767720524308,
        "note": "Approximate equality (Taylor bound), not a strict \u2264."
      }
    },
    "claim2_spherical_variance": {
      "name": "claim2_spherical_variance",
      "lhs": 0.2808108329772949,
      "rhs": 71.32852569628675,
      "ratio": 0.003936865794380403,
      "passed": true,
      "detail": {
        "s_eff_norm": 8.435206413269043,
        "E_norm_x": 300.8354187011719
      }
    },
    "claim3_pole_concentration": {
      "name": "claim3_pole_concentration",
      "lhs": 1.4599918127059937,
      "rhs": 289.2906177589372,
      "ratio": 0.005046799733832328,
      "passed": true,
      "detail": {
        "R": 1220.113037109375,
        "s_eff_norm": 8.435206413269043
      }
    },
    "claim4_pairwise_contraction": {
      "name": "claim4_pairwise_contraction",
      "lhs": 0.0,
      "rhs": Infinity,
      "ratio": 0.0,
      "passed": null,
      "detail": {
        "inapplicable_reason": "\u2016s_eff\u2016=8.44 \u2264 R=1.22e+03"
      }
    },
    "claim5_diameter": {
      "name": "claim5_diameter",
      "lhs": 1.5179023742675781,
      "rhs": 578.5812355178743,
      "ratio": 0.002623490498977105,
      "passed": true,
      "detail": {
        "R": 1220.113037109375,
        "s_eff_norm": 8.435206413269043
      }
    },
    "claim6_expected_pairwise": {
      "name": "claim6_expected_pairwise",
      "lhs": 0.9826158374839962,
      "rhs": 142.6570513925735,
      "ratio": 0.0068879584141969,
      "passed": true,
      "detail": {
        "expected_pair_sq_chord": 0.9655338840743752
      }
    },
    "claim7_reduction_condition": {
      "name": "claim7_reduction_condition",
      "lhs": 216.69676208496094,
      "rhs": 217.9462127685547,
      "ratio": 0.994267160379976,
      "passed": false,
      "detail": {}
    },
    "claim9_alignment": {
      "name": "claim9_alignment",
      "lhs": 0.005635008533983092,
      "rhs": 1.0,
      "ratio": 0.005635008533983092,
      "passed": false,
      "detail": {
        "smallest_eigenvalue": -2.0526798703811476e-18,
        "largest_eigenvalue": 0.049283981134220056
      }
    }
  },
  "1.0": {
    "claim1_covariance_structure": {
      "name": "claim1_covariance_structure",
      "lhs": 0.48321737625473915,
      "rhs": 0.9157761030450154,
      "ratio": 0.5276588618637348,
      "passed": true,
      "detail": {
        "m_norm": 215.4058637868636,
        "trace_sigma_x": 46122.28125,
        "quad_m_hat_sigma_x_m_hat": 3630.5574815934788,
        "note": "Approximate equality (Taylor bound), not a strict \u2264."
      }
    },
    "claim2_spherical_variance": {
      "name": "claim2_spherical_variance",
      "lhs": 0.2811240553855896,
      "rhs": 36.37153133088719,
      "ratio": 0.007729233416874459,
      "passed": true,
      "detail": {
        "s_eff_norm": 16.542356491088867,
        "E_norm_x": 300.8354187011719
      }
    },
    "claim3_pole_concentration": {
      "name": "claim3_pole_concentration",
      "lhs": 1.4507843255996704,
      "rhs": 147.5138125292648,
      "ratio": 0.009834904953811384,
      "passed": true,
      "detail": {
        "R": 1220.113037109375,
        "s_eff_norm": 16.542356491088867
      }
    },
    "claim4_pairwise_contraction": {
      "name": "claim4_pairwise_contraction",
      "lhs": 0.0,
      "rhs": Infinity,
      "ratio": 0.0,
      "passed": null,
      "detail": {
        "inapplicable_reason": "\u2016s_eff\u2016=16.5 \u2264 R=1.22e+03"
      }
    },
    "claim5_diameter": {
      "name": "claim5_diameter",
      "lhs": 1.5064369440078735,
      "rhs": 295.0276250585296,
      "ratio": 0.005106087756050018,
      "passed": true,
      "detail": {
        "R": 1220.113037109375,
        "s_eff_norm": 16.542356491088867
      }
    },
    "claim6_expected_pairwise": {
      "name": "claim6_expected_pairwise",
      "lhs": 0.9830741337811093,
      "rhs": 72.74306266177437,
      "ratio": 0.013514335220555722,
      "passed": true,
      "detail": {
        "expected_pair_sq_chord": 0.9664347525094783
      }
    },
    "claim7_reduction_condition": {
      "name": "claim7_reduction_condition",
      "lhs": 215.40585327148438,
      "rhs": 217.9462127685547,
      "ratio": 0.988344098918718,
      "passed": false,
      "detail": {}
    },
    "claim9_alignment": {
      "name": "claim9_alignment",
      "lhs": 0.005614387376805568,
      "rhs": 1.0,
      "ratio": 0.005614387376805568,
      "passed": false,
      "detail": {
        "smallest_eigenvalue": -1.2410545228530564e-18,
        "largest_eigenvalue": 0.04733276650830287
      }
    }
  },
  "2.0": {
    "claim1_covariance_structure": {
      "name": "claim1_covariance_structure",
      "lhs": 0.48118445502808527,
      "rhs": 0.9411080605032638,
      "ratio": 0.5112956473571895,
      "passed": true,
      "detail": {
        "m_norm": 212.6409599662583,
        "trace_sigma_x": 46122.28125,
        "quad_m_hat_sigma_x_m_hat": 3568.971805160366,
        "note": "Approximate equality (Taylor bound), not a strict \u2264."
      }
    },
    "claim2_spherical_variance": {
      "name": "claim2_spherical_variance",
      "lhs": 0.2797114849090576,
      "rhs": 18.80678723406285,
      "ratio": 0.014872901013228046,
      "passed": true,
      "detail": {
        "s_eff_norm": 31.992218017578125,
        "E_norm_x": 300.8354187011719
      }
    },
    "claim3_pole_concentration": {
      "name": "claim3_pole_concentration",
      "lhs": 1.4178613424301147,
      "rhs": 76.27561405332908,
      "ratio": 0.018588658511995704,
      "passed": true,
      "detail": {
        "R": 1220.113037109375,
        "s_eff_norm": 31.992218017578125
      }
    },
    "claim4_pairwise_contraction": {
      "name": "claim4_pairwise_contraction",
      "lhs": 0.0,
      "rhs": Infinity,
      "ratio": 0.0,
      "passed": null,
      "detail": {
        "inapplicable_reason": "\u2016s_eff\u2016=32 \u2264 R=1.22e+03"
      }
    },
    "claim5_diameter": {
      "name": "claim5_diameter",
      "lhs": 1.5150818824768066,
      "rhs": 152.55122810665816,
      "ratio": 0.009931626911698918,
      "passed": true,
      "detail": {
        "R": 1220.113037109375,
        "s_eff_norm": 31.992218017578125
      }
    },
    "claim6_expected_pairwise": {
      "name": "claim6_expected_pairwise",
      "lhs": 0.9810040316207526,
      "rhs": 37.6135744681257,
      "ratio": 0.026081116870508278,
      "passed": true,
      "detail": {
        "expected_pair_sq_chord": 0.9623689100561705
      }
    },
    "claim7_reduction_condition": {
      "name": "claim7_reduction_condition",
      "lhs": 212.64096069335938,
      "rhs": 217.9462127685547,
      "ratio": 0.9756579753885003,
      "passed": false,
      "detail": {}
    },
    "claim9_alignment": {
      "name": "claim9_alignment",
      "lhs": 0.04079435493010894,
      "rhs": 1.0,
      "ratio": 0.04079435493010894,
      "passed": false,
      "detail": {
        "smallest_eigenvalue": -1.450964478282855e-18,
        "largest_eigenvalue": 0.04865700016758886
      }
    }
  },
  "4.0": {
    "claim1_covariance_structure": {
      "name": "claim1_covariance_structure",
      "lhs": 0.47047570534683913,
      "rhs": 1.008152203399454,
      "ratio": 0.46667130594012635,
      "passed": true,
      "detail": {
        "m_norm": 205.954498157309,
        "trace_sigma_x": 46122.28125,
        "quad_m_hat_sigma_x_m_hat": 3359.231845827301,
        "note": "Approximate equality (Taylor bound), not a strict \u2264."
      }
    },
    "claim2_spherical_variance": {
      "name": "claim2_spherical_variance",
      "lhs": 0.2723158001899719,