{
  "run_name": "bounds_qwen_happy",
  "model": "Qwen/Qwen2.5-1.5B-Instruct",
  "steering": {
    "vector_path": "EasySteer/vectors/happy_diffmean.gguf",
    "random_reference_path": null,
    "random_seed": null,
    "target_layers": [
      10,
      11,
      12,
      13,
      14,
      15,
      16,
      17,
      18,
      19,
      20,
      21,
      22,
      23,
      24,
      25
    ],
    "scale_sweep": [
      0.0,
      0.5,
      1.0,
      2.0,
      4.0,
      8.0
    ]
  },
  "dataset": {
    "name": "HuggingFaceFW/fineweb-edu",
    "num_prompts": 1000,
    "max_seq_len": 256,
    "batch_size": 8
  },
  "reservoir_size": 1024,
  "seed": 0,
  "per_scale_scalar_summary": {
    "0.0": {
      "count": 210576,
      "trace_cov": 46122.28125,
      "R_bar_norm": 0.7203431725502014,
      "spherical_variance": 0.2796568274497986,
      "E_norm": 300.8354187011719,
      "R": 1220.113037109375
    },
    "0.5": {
      "count": 210576,
      "trace_cov": 45858.4453125,
      "R_bar_norm": 0.7191891670227051,
      "spherical_variance": 0.2808108329772949,
      "E_norm": 299.56085205078125,
      "R": 1214.019775390625
    },
    "1.0": {
      "count": 210576,
      "trace_cov": 45375.0390625,
      "R_bar_norm": 0.7188759446144104,
      "spherical_variance": 0.2811240553855896,
      "E_norm": 297.9018859863281,
      "R": 1206.8399658203125
    },
    "2.0": {
      "count": 210576,
      "trace_cov": 43865.6328125,
      "R_bar_norm": 0.7202885150909424,
      "spherical_variance": 0.2797114849090576,
      "E_norm": 293.55487060546875,
      "R": 1189.4586181640625
    },
    "4.0": {
      "count": 210576,
      "trace_cov": 39497.3203125,
      "R_bar_norm": 0.7276841998100281,
      "spherical_variance": 0.2723158001899719,
      "E_norm": 281.63812255859375,
      "R": 1144.541259765625
    },
    "8.0": {
      "count": 210576,
      "trace_cov": 29823.126953125,
      "R_bar_norm": 0.7315261960029602,
      "spherical_variance": 0.2684738039970398,
      "E_norm": 246.54420471191406,
      "R": 1025.331787109375
    }
  }
}