{
  "run_name": "bounds_qwen_happy",
  "model": "Qwen/Qwen2.5-1.5B-Instruct",
  "steering": {
    "vector_path": "EasySteer/vectors/happy_diffmean.gguf",
    "random_reference_path": null,
    "random_seed": null,
    "target_layers": [
      10,
      11,
      12,
      13,
      14,
      15,
      16,
      17,
      18,
      19,
      20,
      21,
      22,
      23,
      24,
      25
    ],
    "scale_sweep": [
      0.0,
      0.5,
      1.0,
      2.0,
      4.0,
      8.0
    ]
  },
  "dataset": {
    "name": "HuggingFaceFW/fineweb-edu",
    "num_prompts": 1000,
    "max_seq_len": 256,
    "batch_size": 8
  },
  "reservoir_size": 1024,
  "seed": 0,
  "per_scale_scalar_summary": {
    "0.0": {
      "count": 210576,
      "trace_cov": 46122.28125,
      "R_bar_norm": 0.7203431725502014,
      "spherical_variance": 0.2796568274497986,
      "E_norm": 300.8354187011719,
      "R": 1220.113037109375
    },
    "0.5": {
      "count": 210576,
      "trace_cov": 46098.71875,
      "R_bar_norm": 0.7201090455055237,
      "spherical_variance": 0.2798909544944763,
      "E_norm": 300.67120361328125,
      "R": 1220.113037109375
    },
    "1.0": {
      "count": 210576,
      "trace_cov": 46061.6015625,
      "R_bar_norm": 0.7198641300201416,
      "spherical_variance": 0.2801358699798584,
      "E_norm": 300.4580078125,
      "R": 1220.113037109375
    },
    "2.0": {
      "count": 210576,
      "trace_cov": 45955.84375,
      "R_bar_norm": 0.7193220853805542,
      "spherical_variance": 0.2806779146194458,
      "E_norm": 299.90216064453125,
      "R": 1220.113037109375
    },
    "4.0": {
      "count": 210576,
      "trace_cov": 45700.8203125,
      "R_bar_norm": 0.7176843881607056,
      "spherical_variance": 0.28231561183929443,
      "E_norm": 298.3785095214844,
      "R": 1220.113037109375
    },
    "8.0": {
      "count": 210576,
      "trace_cov": 45779.26953125,
      "R_bar_norm": 0.7061058282852173,
      "spherical_variance": 0.2938941717147827,
      "E_norm": 293.9040222167969,
      "R": 1220.113037109375
    }
  }
}