{
  "0.0": {},
  "0.5": {
    "claim1_covariance_structure": {
      "name": "claim1_covariance_structure",
      "lhs": 0.48019997460301056,
      "rhs": 0.8890428198286103,
      "ratio": 0.5401314356214962,
      "passed": true,
      "detail": {
        "m_norm": 218.5412974515705,
        "trace_sigma_x": 46122.28125,
        "quad_m_hat_sigma_x_m_hat": 3661.330625171384,
        "note": "Approximate equality (Taylor bound), not a strict \u2264."
      }
    },
    "claim2_spherical_variance": {
      "name": "claim2_spherical_variance",
      "lhs": 0.27902841567993164,
      "rhs": 261.5714830027641,
      "ratio": 0.0010667386692034125,
      "passed": true,
      "detail": {
        "s_eff_norm": 2.300215721130371,
        "E_norm_x": 300.8354187011719
      }
    },
    "claim3_pole_concentration": {
      "name": "claim3_pole_concentration",
      "lhs": 1.460200548171997,
      "rhs": 1060.8683576075964,
      "ratio": 0.0013764201163139124,
      "passed": true,
      "detail": {
        "R": 1220.113037109375,
        "s_eff_norm": 2.300215721130371
      }
    },
    "claim4_pairwise_contraction": {
      "name": "claim4_pairwise_contraction",
      "lhs": 0.0,
      "rhs": Infinity,
      "ratio": 0.0,
      "passed": null,
      "detail": {
        "inapplicable_reason": "\u2016s_eff\u2016=2.3 \u2264 R=1.22e+03"
      }
    },
    "claim5_diameter": {
      "name": "claim5_diameter",
      "lhs": 1.5210182666778564,
      "rhs": 2121.736715215193,
      "ratio": 0.0007168741794259758,
      "passed": true,
      "detail": {
        "R": 1220.113037109375,
        "s_eff_norm": 2.300215721130371
      }
    },
    "claim6_expected_pairwise": {
      "name": "claim6_expected_pairwise",
      "lhs": 0.9799999740847043,
      "rhs": 523.1429660055283,
      "ratio": 0.001873292843001445,
      "passed": true,
      "detail": {
        "expected_pair_sq_chord": 0.9603999492060211
      }
    },
    "claim7_reduction_condition": {
      "name": "claim7_reduction_condition",
      "lhs": 218.5413055419922,
      "rhs": 217.9462127685547,
      "ratio": 1.002730457051206,
      "passed": true,
      "detail": {}
    },
    "claim9_alignment": {
      "name": "claim9_alignment",
      "lhs": 0.004655410271978227,
      "rhs": 1.0,
      "ratio": 0.004655410271978227,
      "passed": false,
      "detail": {
        "smallest_eigenvalue": -1.4066526264887462e-18,
        "largest_eigenvalue": 0.04907918672845495
      }
    }
  },
  "1.0": {
    "claim1_covariance_structure": {
      "name": "claim1_covariance_structure",
      "lhs": 0.47906589412463063,
      "rhs": 0.8840002357488854,
      "ratio": 0.5419295999607822,
      "passed": true,
      "detail": {
        "m_norm": 219.15511453541458,
        "trace_sigma_x": 46122.28125,
        "quad_m_hat_sigma_x_m_hat": 3664.665550530085,
        "note": "Approximate equality (Taylor bound), not a strict \u2264."
      }
    },
    "claim2_spherical_variance": {
      "name": "claim2_spherical_variance",
      "lhs": 0.2782423496246338,
      "rhs": 130.71096864779102,
      "ratio": 0.002128684015603736,
      "passed": true,
      "detail": {
        "s_eff_norm": 4.603063106536865,
        "E_norm_x": 300.8354187011719
      }
    },
    "claim3_pole_concentration": {
      "name": "claim3_pole_concentration",
      "lhs": 1.4288793802261353,
      "rhs": 530.1309188556106,
      "ratio": 0.0026953330383193753,
      "passed": true,
      "detail": {
        "R": 1220.113037109375,
        "s_eff_norm": 4.603063106536865
      }
    },
    "claim4_pairwise_contraction": {
      "name": "claim4_pairwise_contraction",
      "lhs": 0.0,
      "rhs": Infinity,
      "ratio": 0.0,
      "passed": null,
      "detail": {
        "inapplicable_reason": "\u2016s_eff\u2016=4.6 \u2264 R=1.22e+03"
      }
    },
    "claim5_diameter": {
      "name": "claim5_diameter",
      "lhs": 1.487584114074707,
      "rhs": 1060.2618377112212,
      "ratio": 0.0014030346666875637,
      "passed": true,
      "detail": {
        "R": 1220.113037109375,
        "s_eff_norm": 4.603063106536865
      }
    },
    "claim6_expected_pairwise": {
      "name": "claim6_expected_pairwise",
      "lhs": 0.9788420650182854,
      "rhs": 261.42193729558204,
      "ratio": 0.003744299637377171,
      "passed": true,
      "detail": {
        "expected_pair_sq_chord": 0.9581317882492613
      }
    },
    "claim7_reduction_condition": {
      "name": "claim7_reduction_condition",
      "lhs": 219.1551055908203,
      "rhs": 217.9462127685547,
      "ratio": 1.0055467484702265,
      "passed": true,
      "detail": {}
    },
    "claim9_alignment": {
      "name": "claim9_alignment",
      "lhs": 0.006926019499475848,
      "rhs": 1.0,
      "ratio": 0.006926019499475848,
      "passed": false,
      "detail": {
        "smallest_eigenvalue": -6.6888734274100346e-18,
        "largest_eigenvalue": 0.04719441147716446
      }
    }
  },
  "2.0": {
    "claim1_covariance_structure": {
      "name": "claim1_covariance_structure",
      "lhs": 0.47608559860537625,
      "rhs": 0.8735785572780346,
      "ratio": 0.5449831553659027,
      "passed": true,
      "detail": {
        "m_norm": 220.44681231856956,
        "trace_sigma_x": 46122.28125,
        "quad_m_hat_sigma_x_m_hat": 3669.1613847524895,
        "note": "Approximate equality (Taylor bound), not a strict \u2264."
      }
    },
    "claim2_spherical_variance": {
      "name": "claim2_spherical_variance",
      "lhs": 0.2761806845664978,
      "rhs": 65.20809046439933,
      "ratio": 0.004235374515640509,
      "passed": true,
      "detail": {
        "s_eff_norm": 9.226935386657715,
        "E_norm_x": 300.8354187011719
      }
    },
    "claim3_pole_concentration": {
      "name": "claim3_pole_concentration",
      "lhs": 1.440747618675232,
      "rhs": 264.46766688616384,
      "ratio": 0.005447726883359924,
      "passed": true,
      "detail": {
        "R": 1220.113037109375,
        "s_eff_norm": 9.226935386657715
      }
    },
    "claim4_pairwise_contraction": {
      "name": "claim4_pairwise_contraction",
      "lhs": 0.0,
      "rhs": Infinity,
      "ratio": 0.0,
      "passed": null,
      "detail": {
        "inapplicable_reason": "\u2016s_eff\u2016=9.23 \u2264 R=1.22e+03"
      }
    },
    "claim5_diameter": {
      "name": "claim5_diameter",
      "lhs": 1.5097812414169312,
      "rhs": 528.9353337723277,
      "ratio": 0.002854377737726998,
      "passed": true,
      "detail": {
        "R": 1220.113037109375,
        "s_eff_norm": 9.226935386657715
      }
    },
    "claim6_expected_pairwise": {
      "name": "claim6_expected_pairwise",
      "lhs": 0.9757925994855425,
      "rhs": 130.41618092879867,
      "ratio": 0.0074821436461038615,
      "passed": true,
      "detail": {
        "expected_pair_sq_chord": 0.9521711972107525
      }
    },
    "claim7_reduction_condition": {
      "name": "claim7_reduction_condition",
      "lhs": 220.4468231201172,
      "rhs": 217.9462127685547,
      "ratio": 1.0114735205526053,
      "passed": true,
      "detail": {}
    },
    "claim9_alignment": {
      "name": "claim9_alignment",
      "lhs": 0.023382528312239095,
      "rhs": 1.0,
      "ratio": 0.023382528312239095,
      "passed": false,
      "detail": {
        "smallest_eigenvalue": -1.0695376844807924e-18,
        "largest_eigenvalue": 0.047791141776223775
      }
    }
  },
  "4.0": {
    "claim1_covariance_structure": {
      "name": "claim1_covariance_structure",
      "lhs": 0.46744095987724776,
      "rhs": 0.8518600941222952,
      "ratio": 0.5487297305068275,
      "passed": true,
      "detail": {
        "m_norm": 223.2384408834242,
        "trace_sigma_x": 46122.28125,
        "quad_m_hat_sigma_x_m_hat": 3669.491447757064,
        "note": "Approximate equality (Taylor bound), not a strict \u2264."
      }
    },
    "claim2_spherical_variance": {
      "name": "claim2_spherical_variance",
      "lhs": 0.2702335715293884,