{
  "run_name": "bounds_qwen_random",
  "model": "Qwen/Qwen2.5-1.5B-Instruct",
  "steering": {
    "vector_path": null,
    "random_reference_path": "EasySteer/vectors/happy_diffmean.gguf",
    "random_seed": 0,
    "target_layers": [
      10,
      11,
      12,
      13,
      14,
      15,
      16,
      17,
      18,
      19,
      20,
      21,
      22,
      23,
      24,
      25
    ],
    "scale_sweep": [
      0.0,
      0.5,
      1.0,
      2.0,
      4.0,
      8.0
    ]
  },
  "dataset": {
    "name": "HuggingFaceFW/fineweb-edu",
    "num_prompts": 1000,
    "max_seq_len": 256,
    "batch_size": 8
  },
  "reservoir_size": 1024,
  "seed": 0,
  "per_scale_scalar_summary": {
    "0.0": {
      "count": 210576,
      "trace_cov": 46122.28125,
      "R_bar_norm": 0.7203431725502014,
      "spherical_variance": 0.2796568274497986,
      "E_norm": 300.8354187011719,
      "R": 1220.113037109375
    },
    "0.5": {
      "count": 210576,
      "trace_cov": 46190.875,
      "R_bar_norm": 0.7209715843200684,
      "spherical_variance": 0.27902841567993164,
      "E_norm": 301.37158203125,
      "R": 1219.650634765625
    },
    "1.0": {
      "count": 210576,
      "trace_cov": 46228.09375,
      "R_bar_norm": 0.7217576503753662,
      "spherical_variance": 0.2782423496246338,
      "E_norm": 301.8731384277344,
      "R": 1219.000244140625
    },
    "2.0": {
      "count": 210576,
      "trace_cov": 46206.9140625,
      "R_bar_norm": 0.7238193154335022,
      "spherical_variance": 0.2761806845664978,
      "E_norm": 302.777587890625,
      "R": 1217.1170654296875
    },
    "4.0": {
      "count": 210576,
      "trace_cov": 45781.83203125,
      "R_bar_norm": 0.7297664284706116,
      "spherical_variance": 0.2702335715293884,
      "E_norm": 304.16644287109375,
      "R": 1211.0166015625
    },
    "8.0": {
      "count": 210576,
      "trace_cov": 43299.66796875,
      "R_bar_norm": 0.7490758299827576,
      "spherical_variance": 0.25092417001724243,
      "E_norm": 305.1009521484375,
      "R": 1193.9324951171875
    }
  }
}