{
  "run_name": "bounds_qwen_random",
  "model": "Qwen/Qwen2.5-1.5B-Instruct",
  "steering": {
    "vector_path": null,
    "random_reference_path": "EasySteer/vectors/happy_diffmean.gguf",
    "random_seed": 0,
    "target_layers": [
      10,
      11,
      12,
      13,
      14,
      15,
      16,
      17,
      18,
      19,
      20,
      21,
      22,
      23,
      24,
      25
    ],
    "scale_sweep": [
      0.0,
      0.5,
      1.0,
      2.0,
      4.0,
      8.0
    ]
  },
  "dataset": {
    "name": "HuggingFaceFW/fineweb-edu",
    "num_prompts": 1000,
    "max_seq_len": 256,
    "batch_size": 8
  },
  "reservoir_size": 1024,
  "seed": 0,
  "per_scale_scalar_summary": {
    "0.0": {
      "count": 210576,
      "trace_cov": 46122.28125,
      "R_bar_norm": 0.7203431725502014,
      "spherical_variance": 0.2796568274497986,
      "E_norm": 300.8354187011719,
      "R": 1220.113037109375
    },
    "0.5": {
      "count": 210576,
      "trace_cov": 46131.625,
      "R_bar_norm": 0.7204210162162781,
      "spherical_variance": 0.2795789837837219,
      "E_norm": 300.9036865234375,
      "R": 1220.113037109375
    },
    "1.0": {
      "count": 210576,
      "trace_cov": 46138.2578125,
      "R_bar_norm": 0.7205091714859009,
      "spherical_variance": 0.2794908285140991,
      "E_norm": 300.96771240234375,
      "R": 1220.113037109375
    },
    "2.0": {
      "count": 210576,
      "trace_cov": 46143.19140625,
      "R_bar_norm": 0.7207177877426147,
      "spherical_variance": 0.27928221225738525,
      "E_norm": 301.0833740234375,
      "R": 1220.113037109375
    },
    "4.0": {
      "count": 210576,
      "trace_cov": 46118.17578125,
      "R_bar_norm": 0.7212706208229065,
      "spherical_variance": 0.2787293791770935,
      "E_norm": 301.26513671875,
      "R": 1220.113037109375
    },
    "8.0": {
      "count": 210576,
      "trace_cov": 45918.6328125,
      "R_bar_norm": 0.7229359149932861,
      "spherical_variance": 0.27706408500671387,
      "E_norm": 301.4084167480469,
      "R": 1220.113037109375
    }
  }
}