{
  "0.0": {},
  "0.5": {
    "claim1_covariance_structure": {
      "name": "claim1_covariance_structure",
      "lhs": 0.8495952735442529,
      "rhs": 5.332783356987672,
      "ratio": 0.1593155424982731,
      "passed": false,
      "detail": {
        "m_norm": 19.681438190687494,
        "trace_sigma_x": 2162.24853515625,
        "quad_m_hat_sigma_x_m_hat": 96.54685742807325,
        "note": "Approximate equality (Taylor bound), not a strict \u2264."
      }
    },
    "claim2_spherical_variance": {
      "name": "claim2_spherical_variance",
      "lhs": 0.6121795177459717,
      "rhs": 35.93592990884066,
      "ratio": 0.017035304757631115,
      "passed": true,
      "detail": {
        "s_eff_norm": 2.742356777191162,
        "E_norm_x": 49.27457046508789
      }
    },
    "claim3_pole_concentration": {
      "name": "claim3_pole_concentration",
      "lhs": 1.514450192451477,
      "rhs": 269.3303514312556,
      "ratio": 0.005623020890157744,
      "passed": true,
      "detail": {
        "R": 369.2999572753906,
        "s_eff_norm": 2.742356777191162
      }
    },
    "claim4_pairwise_contraction": {
      "name": "claim4_pairwise_contraction",
      "lhs": 0.0,
      "rhs": Infinity,
      "ratio": 0.0,
      "passed": null,
      "detail": {
        "inapplicable_reason": "\u2016s_eff\u2016=2.74 \u2264 R=369"
      }
    },
    "claim5_diameter": {
      "name": "claim5_diameter",
      "lhs": 1.66856849193573,
      "rhs": 538.6607028625112,
      "ratio": 0.003097624317253413,
      "passed": true,
      "detail": {
        "R": 369.2999572753906,
        "s_eff_norm": 2.742356777191162
      }
    },
    "claim6_expected_pairwise": {
      "name": "claim6_expected_pairwise",
      "lhs": 1.3035300330596553,
      "rhs": 71.87185981768133,
      "ratio": 0.018136862415503704,
      "passed": true,
      "detail": {
        "expected_pair_sq_chord": 1.6991905470885058
      }
    },
    "claim7_reduction_condition": {
      "name": "claim7_reduction_condition",
      "lhs": 19.681438446044922,
      "rhs": 19.162935256958008,
      "ratio": 1.0270576079360623,
      "passed": true,
      "detail": {}
    },
    "claim9_alignment": {
      "name": "claim9_alignment",
      "lhs": 0.003363010023935121,
      "rhs": 1.0,
      "ratio": 0.003363010023935121,
      "passed": false,
      "detail": {
        "smallest_eigenvalue": -9.618727678529528e-18,
        "largest_eigenvalue": 0.05104951789435241
      }
    }
  },
  "1.0": {
    "claim1_covariance_structure": {
      "name": "claim1_covariance_structure",
      "lhs": 0.8372468682017233,
      "rhs": 4.912398342779131,
      "ratio": 0.17043545937849594,
      "passed": false,
      "detail": {
        "m_norm": 20.532059733014922,
        "trace_sigma_x": 2162.24853515625,
        "quad_m_hat_sigma_x_m_hat": 91.35098515758841,
        "note": "Approximate equality (Taylor bound), not a strict \u2264."
      }
    },
    "claim2_spherical_variance": {
      "name": "claim2_spherical_variance",
      "lhs": 0.5965732634067535,
      "rhs": 17.879715720582574,
      "ratio": 0.033365925539856144,
      "passed": true,
      "detail": {
        "s_eff_norm": 5.511784553527832,
        "E_norm_x": 49.27457046508789
      }
    },
    "claim3_pole_concentration": {
      "name": "claim3_pole_concentration",
      "lhs": 1.5430432558059692,
      "rhs": 134.00377089812744,
      "ratio": 0.0115149241358217,
      "passed": true,
      "detail": {
        "R": 369.2999572753906,
        "s_eff_norm": 5.511784553527832
      }
    },
    "claim4_pairwise_contraction": {
      "name": "claim4_pairwise_contraction",
      "lhs": 0.0,
      "rhs": Infinity,
      "ratio": 0.0,
      "passed": null,
      "detail": {
        "inapplicable_reason": "\u2016s_eff\u2016=5.51 \u2264 R=369"
      }
    },
    "claim5_diameter": {
      "name": "claim5_diameter",
      "lhs": 1.670992374420166,
      "rhs": 268.0075417962549,
      "ratio": 0.006234870717520668,
      "passed": true,
      "detail": {
        "R": 369.2999572753906,
        "s_eff_norm": 5.511784553527832
      }
    },
    "claim6_expected_pairwise": {
      "name": "claim6_expected_pairwise",
      "lhs": 1.2940223090825933,
      "rhs": 35.75943144116515,
      "ratio": 0.03618688152834989,
      "passed": true,
      "detail": {
        "expected_pair_sq_chord": 1.6744937364034467
      }
    },
    "claim7_reduction_condition": {
      "name": "claim7_reduction_condition",
      "lhs": 20.532062530517578,
      "rhs": 19.162935256958008,
      "ratio": 1.0714466367078312,
      "passed": true,
      "detail": {}
    },
    "claim9_alignment": {
      "name": "claim9_alignment",
      "lhs": 0.00291849933526752,
      "rhs": 1.0,
      "ratio": 0.00291849933526752,
      "passed": false,
      "detail": {
        "smallest_eigenvalue": -3.172281225157762e-18,
        "largest_eigenvalue": 0.04948939033439089
      }
    }
  },
  "2.0": {
    "claim1_covariance_structure": {
      "name": "claim1_covariance_structure",
      "lhs": 0.7937291612246744,
      "rhs": 3.8680161783725056,
      "ratio": 0.20520316478061926,
      "passed": false,
      "detail": {
        "m_norm": 23.228467655751682,
        "trace_sigma_x": 2162.24853515625,
        "quad_m_hat_sigma_x_m_hat": 75.21511306044177,
        "note": "Approximate equality (Taylor bound), not a strict \u2264."
      }
    },
    "claim2_spherical_variance": {
      "name": "claim2_spherical_variance",
      "lhs": 0.5458295047283173,
      "rhs": 8.772628409809807,
      "ratio": 0.062219608449157034,
      "passed": true,
      "detail": {
        "s_eff_norm": 11.233707427978516,
        "E_norm_x": 49.27457046508789
      }
    },
    "claim3_pole_concentration": {
      "name": "claim3_pole_concentration",
      "lhs": 1.5041065216064453,
      "rhs": 65.74854466222207,
      "ratio": 0.02287665117659521,
      "passed": true,
      "detail": {
        "R": 369.2999572753906,
        "s_eff_norm": 11.233707427978516
      }
    },
    "claim4_pairwise_contraction": {
      "name": "claim4_pairwise_contraction",
      "lhs": 0.0,
      "rhs": Infinity,
      "ratio": 0.0,
      "passed": null,
      "detail": {
        "inapplicable_reason": "\u2016s_eff\u2016=11.2 \u2264 R=369"
      }
    },
    "claim5_diameter": {
      "name": "claim5_diameter",
      "lhs": 1.641867995262146,
      "rhs": 131.49708932444415,
      "ratio": 0.012485964546417814,
      "passed": true,
      "detail": {
        "R": 369.2999572753906,
        "s_eff_norm": 11.233707427978516
      }
    },
    "claim6_expected_pairwise": {
      "name": "claim6_expected_pairwise",
      "lhs": 1.2599437774953883,
      "rhs": 17.545256819619613,
      "ratio": 0.07181107637515359,
      "passed": true,
      "detail": {
        "expected_pair_sq_chord": 1.5874583224493488
      }
    },
    "claim7_reduction_condition": {
      "name": "claim7_reduction_condition",
      "lhs": 23.228466033935547,
      "rhs": 19.162935256958008,
      "ratio": 1.2121559522308232,
      "passed": true,
      "detail": {}
    },
    "claim9_alignment": {
      "name": "claim9_alignment",
      "lhs": 0.011950588672705313,
      "rhs": 1.0,
      "ratio": 0.011950588672705313,
      "passed": false,
      "detail": {
        "smallest_eigenvalue": -2.847678240740079e-18,
        "largest_eigenvalue": 0.048053999958099634
      }
    }
  },
  "4.0": {
    "claim1_covariance_structure": {
      "name": "claim1_covariance_structure",
      "lhs": 0.629132978265659,
      "rhs": 2.0546700134325726,
      "ratio": 0.3061966029350946,
      "passed": true,
      "detail": {
        "m_norm": 32.107324291165234,
        "trace_sigma_x": 2162.24853515625,
        "quad_m_hat_sigma_x_m_hat": 44.12975050032094,
        "note": "Approximate equality (Taylor bound), not a strict \u2264."
      }
    },
    "claim2_spherical_variance": {
      "name": "claim2_spherical_variance",
      "lhs": 0.39101147651672363,