{
  "run_name": "bounds_llama_random",
  "model": "meta-llama/Meta-Llama-3-8B-Instruct",
  "steering": {
    "vector_path": null,
    "random_reference_path": "EasySteer/replications/creative_writing/create.gguf",
    "random_seed": 0,
    "target_layers": [
      16,
      17,
      18,
      19,
      20,
      21,
      22,
      23,
      24,
      25,
      26,
      27,
      28,
      29
    ],
    "scale_sweep": [
      0.0,
      0.5,
      1.0,
      2.0,
      4.0,
      8.0
    ]
  },
  "dataset": {
    "name": "HuggingFaceFW/fineweb-edu",
    "num_prompts": 1000,
    "max_seq_len": 256,
    "batch_size": 4
  },
  "reservoir_size": 1024,
  "seed": 0,
  "per_scale_scalar_summary": {
    "0.0": {
      "count": 207993,
      "trace_cov": 2162.24853515625,
      "R_bar_norm": 0.3792761266231537,
      "spherical_variance": 0.6207238733768463,
      "E_norm": 49.27457046508789,
      "R": 369.2999572753906
    },
    "0.5": {
      "count": 207993,
      "trace_cov": 2164.475341796875,
      "R_bar_norm": 0.3878204822540283,
      "spherical_variance": 0.6121795177459717,
      "E_norm": 49.49838638305664,
      "R": 357.06646728515625
    },
    "1.0": {
      "count": 207993,
      "trace_cov": 2150.6826171875,
      "R_bar_norm": 0.40342673659324646,
      "spherical_variance": 0.5965732634067535,
      "E_norm": 49.715614318847656,
      "R": 329.1977844238281
    },
    "2.0": {
      "count": 207993,
      "trace_cov": 2079.50830078125,
      "R_bar_norm": 0.45417049527168274,
      "spherical_variance": 0.5458295047283173,
      "E_norm": 50.25041198730469,
      "R": 279.23486328125
    },
    "4.0": {
      "count": 207993,
      "trace_cov": 1785.8175048828125,
      "R_bar_norm": 0.6089885234832764,
      "spherical_variance": 0.39101147651672363,
      "E_norm": 52.375328063964844,
      "R": 221.71165466308594
    },
    "8.0": {
      "count": 207993,
      "trace_cov": 772.304931640625,
      "R_bar_norm": 0.8797938227653503,
      "spherical_variance": 0.12020617723464966,
      "E_norm": 57.36054611206055,
      "R": 208.409423828125
    }
  }
}