{
  "run_name": "bounds_qwen_random_single_L17",
  "model": "Qwen/Qwen2.5-1.5B-Instruct",
  "steering": {
    "vector_path": null,
    "random_reference_path": "EasySteer/vectors/happy_diffmean.gguf",
    "random_seed": 0,
    "target_layers": [
      17
    ],
    "scale_sweep": [
      0.0,
      0.5,
      1.0,
      2.0,
      4.0,
      8.0
    ]
  },
  "dataset": {
    "name": "HuggingFaceFW/fineweb-edu",
    "num_prompts": 1000,
    "max_seq_len": 256,
    "batch_size": 8
  },
  "reservoir_size": 1024,
  "seed": 0,
  "per_scale_scalar_summary": {
    "0.0": {
      "count": 210576,
      "trace_cov": 46122.28125,
      "R_bar_norm": 0.7203431725502014,
      "spherical_variance": 0.2796568274497986,
      "E_norm": 300.8354187011719,
      "R": 1220.113037109375
    },
    "0.5": {
      "count": 210576,
      "trace_cov": 46143.8125,
      "R_bar_norm": 0.7201457619667053,
      "spherical_variance": 0.2798542380332947,
      "E_norm": 300.8223876953125,
      "R": 1220.228515625
    },
    "1.0": {
      "count": 210576,
      "trace_cov": 46162.328125,
      "R_bar_norm": 0.7199547290802002,
      "spherical_variance": 0.2800452709197998,
      "E_norm": 300.80206298828125,
      "R": 1220.3253173828125
    },
    "2.0": {
      "count": 210576,
      "trace_cov": 46190.4140625,
      "R_bar_norm": 0.7195924520492554,
      "spherical_variance": 0.28040754795074463,
      "E_norm": 300.7398681640625,
      "R": 1220.4566650390625
    },
    "4.0": {
      "count": 210576,
      "trace_cov": 46210.97265625,
      "R_bar_norm": 0.7189449071884155,
      "spherical_variance": 0.2810550928115845,
      "E_norm": 300.5296936035156,
      "R": 1220.486328125
    },
    "8.0": {
      "count": 210576,
      "trace_cov": 46112.03125,
      "R_bar_norm": 0.7179519534111023,
      "spherical_variance": 0.2820480465888977,
      "E_norm": 299.7739562988281,
      "R": 1219.5928955078125
    }
  }
}