{
  "0.0": {},
  "0.5": {
    "claim1_covariance_structure": {
      "name": "claim1_covariance_structure",
      "lhs": 0.8085620390156691,
      "rhs": 4.28480361259879,
      "ratio": 0.18870457367946103,
      "passed": false,
      "detail": {
        "m_norm": 22.035848667695277,
        "trace_sigma_x": 2162.24853515625,
        "quad_m_hat_sigma_x_m_hat": 81.63948210443516,
        "note": "Approximate equality (Taylor bound), not a strict \u2264."
      }
    },
    "claim2_spherical_variance": {
      "name": "claim2_spherical_variance",
      "lhs": 0.5624637603759766,
      "rhs": 9.415960968000157,
      "ratio": 0.059735141456882815,
      "passed": true,
      "detail": {
        "s_eff_norm": 10.466179847717285,
        "E_norm_x": 49.27457046508789
      }
    },
    "claim3_pole_concentration": {
      "name": "claim3_pole_concentration",
      "lhs": 1.4337407350540161,
      "rhs": 70.57015313107512,
      "ratio": 0.020316531443413825,
      "passed": true,
      "detail": {
        "R": 369.2999572753906,
        "s_eff_norm": 10.466179847717285
      }
    },
    "claim4_pairwise_contraction": {
      "name": "claim4_pairwise_contraction",
      "lhs": 0.0,
      "rhs": Infinity,
      "ratio": 0.0,
      "passed": null,
      "detail": {
        "inapplicable_reason": "\u2016s_eff\u2016=10.5 \u2264 R=369"
      }
    },
    "claim5_diameter": {
      "name": "claim5_diameter",
      "lhs": 1.6307134628295898,
      "rhs": 141.14030626215023,
      "ratio": 0.011553846707692035,
      "passed": true,
      "detail": {
        "R": 369.2999572753906,
        "s_eff_norm": 10.466179847717285
      }
    },
    "claim6_expected_pairwise": {
      "name": "claim6_expected_pairwise",
      "lhs": 1.2716619354338394,
      "rhs": 18.831921936000313,
      "ratio": 0.06752693324428287,
      "passed": true,
      "detail": {
        "expected_pair_sq_chord": 1.6171240780313383
      }
    },
    "claim7_reduction_condition": {
      "name": "claim7_reduction_condition",
      "lhs": 22.03584861755371,
      "rhs": 19.162935256958008,
      "ratio": 1.1499203186814795,
      "passed": true,
      "detail": {}
    },
    "claim9_alignment": {
      "name": "claim9_alignment",
      "lhs": 0.027461583908377857,
      "rhs": 1.0,
      "ratio": 0.027461583908377857,
      "passed": false,
      "detail": {
        "smallest_eigenvalue": -2.8724150440940604e-18,
        "largest_eigenvalue": 0.05091868757554709
      }
    }
  },
  "1.0": {
    "claim1_covariance_structure": {
      "name": "claim1_covariance_structure",
      "lhs": 0.7038884581068032,
      "rhs": 2.790212141374465,
      "ratio": 0.25227058819981557,
      "passed": false,
      "detail": {
        "m_norm": 27.52169938124572,
        "trace_sigma_x": 2162.24853515625,
        "quad_m_hat_sigma_x_m_hat": 48.81926619807615,
        "note": "Approximate equality (Taylor bound), not a strict \u2264."
      }
    },
    "claim2_spherical_variance": {
      "name": "claim2_spherical_variance",
      "lhs": 0.455838680267334,
      "rhs": 4.732900416523119,
      "ratio": 0.09631275542497088,
      "passed": true,
      "detail": {
        "s_eff_norm": 20.822145462036133,
        "E_norm_x": 49.27457046508789
      }
    },
    "claim3_pole_concentration": {
      "name": "claim3_pole_concentration",
      "lhs": 1.4668329954147339,
      "rhs": 35.47184491134353,
      "ratio": 0.0413520356519617,
      "passed": true,
      "detail": {
        "R": 369.2999572753906,
        "s_eff_norm": 20.822145462036133
      }
    },
    "claim4_pairwise_contraction": {
      "name": "claim4_pairwise_contraction",
      "lhs": 0.0,
      "rhs": Infinity,
      "ratio": 0.0,
      "passed": null,
      "detail": {
        "inapplicable_reason": "\u2016s_eff\u2016=20.8 \u2264 R=369"
      }
    },
    "claim5_diameter": {
      "name": "claim5_diameter",
      "lhs": 1.5690010786056519,
      "rhs": 70.94368982268706,
      "ratio": 0.022116147081257417,
      "passed": true,
      "detail": {
        "R": 369.2999572753906,
        "s_eff_norm": 20.822145462036133
      }
    },
    "claim6_expected_pairwise": {
      "name": "claim6_expected_pairwise",
      "lhs": 1.1864977523002758,
      "rhs": 9.465800833046238,
      "ratio": 0.1253457338926962,
      "passed": true,
      "detail": {
        "expected_pair_sq_chord": 1.4077769162136065
      }
    },
    "claim7_reduction_condition": {
      "name": "claim7_reduction_condition",
      "lhs": 27.52170181274414,
      "rhs": 19.162935256958008,
      "ratio": 1.436194478752992,
      "passed": true,
      "detail": {}
    },
    "claim9_alignment": {
      "name": "claim9_alignment",
      "lhs": 0.019399666964440367,
      "rhs": 1.0,
      "ratio": 0.019399666964440367,
      "passed": false,
      "detail": {
        "smallest_eigenvalue": -2.9633330531698566e-18,
        "largest_eigenvalue": 0.04451482669025991
      }
    }
  },
  "2.0": {
    "claim1_covariance_structure": {
      "name": "claim1_covariance_structure",
      "lhs": 0.42777862206467887,
      "rhs": 1.3301305185644996,
      "ratio": 0.32160650108708516,
      "passed": true,
      "detail": {
        "m_norm": 40.205668210222804,
        "trace_sigma_x": 2162.24853515625,
        "quad_m_hat_sigma_x_m_hat": 12.098196664034898,
        "note": "Approximate equality (Taylor bound), not a strict \u2264."
      }
    },
    "claim2_spherical_variance": {
      "name": "claim2_spherical_variance",
      "lhs": 0.24354684352874756,
      "rhs": 2.504475791405639,
      "ratio": 0.09724463872420053,
      "passed": true,
      "detail": {
        "s_eff_norm": 39.34920883178711,
        "E_norm_x": 49.27457046508789
      }
    },
    "claim3_pole_concentration": {
      "name": "claim3_pole_concentration",
      "lhs": 1.3098342418670654,
      "rhs": 18.77038793100523,
      "ratio": 0.06978194839028659,
      "passed": true,
      "detail": {
        "R": 369.2999572753906,
        "s_eff_norm": 39.34920883178711
      }
    },
    "claim4_pairwise_contraction": {
      "name": "claim4_pairwise_contraction",
      "lhs": 0.0,
      "rhs": Infinity,
      "ratio": 0.0,
      "passed": null,
      "detail": {
        "inapplicable_reason": "\u2016s_eff\u2016=39.3 \u2264 R=369"
      }
    },
    "claim5_diameter": {
      "name": "claim5_diameter",
      "lhs": 1.4502147436141968,
      "rhs": 37.54077586201046,
      "ratio": 0.03863038816631777,
      "passed": true,
      "detail": {
        "R": 369.2999572753906,
        "s_eff_norm": 39.34920883178711
      }
    },
    "claim6_expected_pairwise": {
      "name": "claim6_expected_pairwise",
      "lhs": 0.9249633744799617,
      "rhs": 5.008951582811278,
      "ratio": 0.18466207133126755,
      "passed": true,
      "detail": {
        "expected_pair_sq_chord": 0.8555572441293577
      }
    },
    "claim7_reduction_condition": {
      "name": "claim7_reduction_condition",
      "lhs": 40.205665588378906,
      "rhs": 19.162935256958008,
      "ratio": 2.0980953621799845,
      "passed": true,
      "detail": {}
    },
    "claim9_alignment": {
      "name": "claim9_alignment",
      "lhs": 0.00861101061993884,
      "rhs": 1.0,
      "ratio": 0.00861101061993884,
      "passed": false,
      "detail": {
        "smallest_eigenvalue": -2.2536240996868507e-18,
        "largest_eigenvalue": 0.03247686341358342
      }
    }
  },
  "4.0": {
    "claim1_covariance_structure": {
      "name": "claim1_covariance_structure",
      "lhs": 0.07409433425496204,
      "rhs": 0.5418009618702302,
      "ratio": 0.1367556343923745,
      "passed": false,
      "detail": {
        "m_norm": 63.14399703888875,
        "trace_sigma_x": 2162.24853515625,
        "quad_m_hat_sigma_x_m_hat": 1.999048664378979,
        "note": "Approximate equality (Taylor bound), not a strict \u2264."
      }
    },
    "claim2_spherical_variance": {
      "name": "claim2_spherical_variance",
      "lhs": 0.03776007890701294,