{
  "0.0": {},
  "0.5": {
    "claim1_covariance_structure": {
      "name": "claim1_covariance_structure",
      "lhs": 0.8527567578555795,
      "rhs": 5.48211225543338,
      "ratio": 0.15555258960821225,
      "passed": false,
      "detail": {
        "m_norm": 19.404364419044143,
        "trace_sigma_x": 2162.24853515625,
        "quad_m_hat_sigma_x_m_hat": 98.07232435419283,
        "note": "Approximate equality (Taylor bound), not a strict \u2264."
      }
    },
    "claim2_spherical_variance": {
      "name": "claim2_spherical_variance",
      "lhs": 0.6162771284580231,
      "rhs": 36.96054648075681,
      "ratio": 0.01667391819487524,
      "passed": true,
      "detail": {
        "s_eff_norm": 2.6663334369659424,
        "E_norm_x": 49.27457046508789
      }
    },
    "claim3_pole_concentration": {
      "name": "claim3_pole_concentration",
      "lhs": 1.4749891757965088,
      "rhs": 277.00958338925693,
      "ratio": 0.0053246864521789405,
      "passed": true,
      "detail": {
        "R": 369.2999572753906,
        "s_eff_norm": 2.6663334369659424
      }
    },
    "claim4_pairwise_contraction": {
      "name": "claim4_pairwise_contraction",
      "lhs": 0.0,
      "rhs": Infinity,
      "ratio": 0.0,
      "passed": null,
      "detail": {
        "inapplicable_reason": "\u2016s_eff\u2016=2.67 \u2264 R=369"
      }
    },
    "claim5_diameter": {
      "name": "claim5_diameter",
      "lhs": 1.6512140035629272,
      "rhs": 554.0191667785139,
      "ratio": 0.0029804275782809708,
      "passed": true,
      "detail": {
        "R": 369.2999572753906,
        "s_eff_norm": 2.6663334369659424
      }
    },
    "claim6_expected_pairwise": {
      "name": "claim6_expected_pairwise",
      "lhs": 1.3059531062450744,
      "rhs": 73.92109296151362,
      "ratio": 0.017666853315128978,
      "passed": true,
      "detail": {
        "expected_pair_sq_chord": 1.705513515711159
      }
    },
    "claim7_reduction_condition": {
      "name": "claim7_reduction_condition",
      "lhs": 19.40436363220215,
      "rhs": 19.162935256958008,
      "ratio": 1.012598715802501,
      "passed": true,
      "detail": {}
    },
    "claim9_alignment": {
      "name": "claim9_alignment",
      "lhs": 0.026067785610762083,
      "rhs": 1.0,
      "ratio": 0.026067785610762083,
      "passed": false,
      "detail": {
        "smallest_eigenvalue": -2.9249204800339584e-18,
        "largest_eigenvalue": 0.050958150979579425
      }
    }
  },
  "1.0": {
    "claim1_covariance_structure": {
      "name": "claim1_covariance_structure",
      "lhs": 0.8508030720597963,
      "rhs": 5.38048003526332,
      "ratio": 0.15812772586900942,
      "passed": false,
      "detail": {
        "m_norm": 19.607557199187355,
        "trace_sigma_x": 2162.24853515625,
        "quad_m_hat_sigma_x_m_hat": 93.68909223697854,
        "note": "Approximate equality (Taylor bound), not a strict \u2264."
      }
    },
    "claim2_spherical_variance": {
      "name": "claim2_spherical_variance",
      "lhs": 0.6137398183345795,
      "rhs": 18.575642845818027,
      "ratio": 0.0330400311541709,
      "passed": true,
      "detail": {
        "s_eff_norm": 5.305288314819336,
        "E_norm_x": 49.27457046508789
      }
    },
    "claim3_pole_concentration": {
      "name": "claim3_pole_concentration",
      "lhs": 1.5636049509048462,
      "rhs": 139.21956182619516,
      "ratio": 0.01123121586071996,
      "passed": true,
      "detail": {
        "R": 369.2999572753906,
        "s_eff_norm": 5.305288314819336
      }
    },
    "claim4_pairwise_contraction": {
      "name": "claim4_pairwise_contraction",
      "lhs": 0.0,
      "rhs": Infinity,
      "ratio": 0.0,
      "passed": null,
      "detail": {
        "inapplicable_reason": "\u2016s_eff\u2016=5.31 \u2264 R=369"
      }
    },
    "claim5_diameter": {
      "name": "claim5_diameter",
      "lhs": 1.636193037033081,
      "rhs": 278.4391236523903,
      "ratio": 0.0058763043625857025,
      "passed": true,
      "detail": {
        "R": 369.2999572753906,
        "s_eff_norm": 5.305288314819336
      }
    },
    "claim6_expected_pairwise": {
      "name": "claim6_expected_pairwise",
      "lhs": 1.3044562637818076,
      "rhs": 37.151285691636055,
      "ratio": 0.03511200862896335,
      "passed": true,
      "detail": {
        "expected_pair_sq_chord": 1.7016061441195927
      }
    },
    "claim7_reduction_condition": {
      "name": "claim7_reduction_condition",
      "lhs": 19.60755729675293,
      "rhs": 19.162935256958008,
      "ratio": 1.023202188695674,
      "passed": true,
      "detail": {}
    },
    "claim9_alignment": {
      "name": "claim9_alignment",
      "lhs": 0.004739877735797395,
      "rhs": 1.0,
      "ratio": 0.004739877735797395,
      "passed": false,
      "detail": {
        "smallest_eigenvalue": -3.93549496386614e-18,
        "largest_eigenvalue": 0.04805340495721048
      }
    }
  },
  "2.0": {
    "claim1_covariance_structure": {
      "name": "claim1_covariance_structure",
      "lhs": 0.8533373534062028,
      "rhs": 5.3214997192408555,
      "ratio": 0.16035655330785897,
      "passed": false,
      "detail": {
        "m_norm": 19.794433836973692,
        "trace_sigma_x": 2162.24853515625,
        "quad_m_hat_sigma_x_m_hat": 77.18058561872907,
        "note": "Approximate equality (Taylor bound), not a strict \u2264."
      }
    },
    "claim2_spherical_variance": {
      "name": "claim2_spherical_variance",
      "lhs": 0.6170344054698944,
      "rhs": 9.848507626483894,
      "ratio": 0.06265257934213404,
      "passed": true,
      "detail": {
        "s_eff_norm": 10.006505012512207,
        "E_norm_x": 49.27457046508789
      }
    },
    "claim3_pole_concentration": {
      "name": "claim3_pole_concentration",
      "lhs": 1.5614559650421143,
      "rhs": 73.81197667189798,
      "ratio": 0.02115450683542795,
      "passed": true,
      "detail": {
        "R": 369.2999572753906,
        "s_eff_norm": 10.006505012512207
      }
    },
    "claim4_pairwise_contraction": {
      "name": "claim4_pairwise_contraction",
      "lhs": 0.0,
      "rhs": Infinity,
      "ratio": 0.0,
      "passed": null,
      "detail": {
        "inapplicable_reason": "\u2016s_eff\u2016=10 \u2264 R=369"
      }
    },
    "claim5_diameter": {
      "name": "claim5_diameter",
      "lhs": 1.6635550260543823,
      "rhs": 147.62395334379596,
      "ratio": 0.011268869234115351,
      "passed": true,
      "detail": {
        "R": 369.2999572753906,
        "s_eff_norm": 10.006505012512207
      }
    },
    "claim6_expected_pairwise": {
      "name": "claim6_expected_pairwise",
      "lhs": 1.3063976067080059,
      "rhs": 19.697015252967788,
      "ratio": 0.0663246481728326,
      "passed": true,
      "detail": {
        "expected_pair_sq_chord": 1.7066747068124055
      }
    },
    "claim7_reduction_condition": {
      "name": "claim7_reduction_condition",
      "lhs": 19.79443359375,
      "rhs": 19.162935256958008,
      "ratio": 1.0329541548997665,
      "passed": true,
      "detail": {}
    },
    "claim9_alignment": {
      "name": "claim9_alignment",
      "lhs": 0.007275842160249164,
      "rhs": 1.0,
      "ratio": 0.007275842160249164,
      "passed": false,
      "detail": {
        "smallest_eigenvalue": -5.859347790981425e-18,
        "largest_eigenvalue": 0.10847352024336862
      }
    }
  },
  "4.0": {
    "claim1_covariance_structure": {
      "name": "claim1_covariance_structure",
      "lhs": 0.8551476058386775,
      "rhs": 4.422373310275375,
      "ratio": 0.19336848018952718,
      "passed": false,
      "detail": {
        "m_norm": 21.871855824540113,
        "trace_sigma_x": 2162.24853515625,
        "quad_m_hat_sigma_x_m_hat": 46.682094284240534,
        "note": "Approximate equality (Taylor bound), not a strict \u2264."
      }
    },
    "claim2_spherical_variance": {
      "name": "claim2_spherical_variance",
      "lhs": 0.619405210018158,