{
  "run_name": "bounds_llama_creativity",
  "model": "meta-llama/Meta-Llama-3-8B-Instruct",
  "steering": {
    "vector_path": "EasySteer/replications/creative_writing/create.gguf",
    "random_reference_path": null,
    "random_seed": null,
    "target_layers": [
      16,
      17,
      18,
      19,
      20,
      21,
      22,
      23,
      24,
      25,
      26,
      27,
      28,
      29
    ],
    "scale_sweep": [
      0.0,
      0.5,
      1.0,
      2.0,
      4.0,
      8.0
    ]
  },
  "dataset": {
    "name": "HuggingFaceFW/fineweb-edu",
    "num_prompts": 1000,
    "max_seq_len": 256,
    "batch_size": 4
  },
  "reservoir_size": 1024,
  "seed": 0,
  "per_scale_scalar_summary": {
    "0.0": {
      "count": 207993,
      "trace_cov": 2162.24853515625,
      "R_bar_norm": 0.3792761266231537,
      "spherical_variance": 0.6207238733768463,
      "E_norm": 49.27457046508789,
      "R": 369.2999572753906
    },
    "0.5": {
      "count": 207993,
      "trace_cov": 2060.66552734375,
      "R_bar_norm": 0.43753623962402344,
      "spherical_variance": 0.5624637603759766,
      "E_norm": 49.44617462158203,
      "R": 339.3171081542969
    },
    "1.0": {
      "count": 207993,
      "trace_cov": 1849.78466796875,
      "R_bar_norm": 0.544161319732666,
      "spherical_variance": 0.455838680267334,
      "E_norm": 50.15966033935547,
      "R": 266.1197509765625
    },
    "2.0": {
      "count": 207993,
      "trace_cov": 1274.249755859375,
      "R_bar_norm": 0.7564531564712524,
      "spherical_variance": 0.24354684352874756,
      "E_norm": 53.1650390625,
      "R": 211.46282958984375
    },
    "4.0": {
      "count": 207993,
      "trace_cov": 330.9706726074219,
      "R_bar_norm": 0.9622399210929871,
      "spherical_variance": 0.03776007890701294,
      "E_norm": 65.63861846923828,
      "R": 195.7476806640625
    },
    "8.0": {
      "count": 207993,
      "trace_cov": 152.34710693359375,
      "R_bar_norm": 0.9946266412734985,
      "spherical_variance": 0.005373358726501465,
      "E_norm": 118.78334045410156,
      "R": 166.2617645263672
    }
  }
}