{
  "run_name": "bounds_qwen_happy_extended",
  "model": "Qwen/Qwen2.5-1.5B-Instruct",
  "steering": {
    "vector_path": "EasySteer/vectors/happy_diffmean.gguf",
    "random_reference_path": null,
    "random_seed": null,
    "target_layers": [
      10,
      11,
      12,
      13,
      14,
      15,
      16,
      17,
      18,
      19,
      20,
      21,
      22,
      23,
      24,
      25
    ],
    "scale_sweep": [
      0.0,
      1.0,
      8.0,
      32.0,
      128.0
    ]
  },
  "dataset": {
    "name": "HuggingFaceFW/fineweb-edu",
    "num_prompts": 100,
    "max_seq_len": 256,
    "batch_size": 8
  },
  "reservoir_size": 1024,
  "seed": 0,
  "per_scale_scalar_summary": {
    "0.0": {
      "count": 21470,
      "trace_cov": 49000.9453125,
      "R_bar_norm": 0.7036064863204956,
      "spherical_variance": 0.2963935136795044,
      "E_norm": 302.3155517578125,
      "R": 1094.4385986328125
    },
    "1.0": {
      "count": 21470,
      "trace_cov": 48947.828125,
      "R_bar_norm": 0.7031391859054565,
      "spherical_variance": 0.29686081409454346,
      "E_norm": 301.9877624511719,
      "R": 1094.4385986328125
    },
    "8.0": {
      "count": 21470,
      "trace_cov": 48350.1484375,
      "R_bar_norm": 0.6912262439727783,
      "spherical_variance": 0.3087737560272217,
      "E_norm": 295.3993225097656,
      "R": 1094.4385986328125
    },
    "32.0": {
      "count": 21470,
      "trace_cov": 68297.7890625,
      "R_bar_norm": 0.610767126083374,
      "spherical_variance": 0.389232873916626,
      "E_norm": 315.1484680175781,
      "R": 1094.4385986328125
    },
    "128.0": {
      "count": 21470,
      "trace_cov": 274236.15625,
      "R_bar_norm": 0.6233804225921631,
      "spherical_variance": 0.3766195774078369,
      "E_norm": 447.5081787109375,
      "R": 1741.4715576171875
    }
  }
}