{
  "run_name": "bounds_qwen_random_agg_matched",
  "model": "Qwen/Qwen2.5-1.5B-Instruct",
  "steering": {
    "vector_path": null,
    "random_reference_path": "EasySteer/vectors/happy_diffmean.gguf",
    "random_seed": 0,
    "target_layers": [
      10,
      11,
      12,
      13,
      14,
      15,
      16,
      17,
      18,
      19,
      20,
      21,
      22,
      23,
      24,
      25
    ],
    "scale_sweep": [
      0.0,
      0.5,
      1.0,
      2.0,
      4.0,
      8.0
    ]
  },
  "dataset": {
    "name": "HuggingFaceFW/fineweb-edu",
    "num_prompts": 1000,
    "max_seq_len": 256,
    "batch_size": 8
  },
  "reservoir_size": 1024,
  "seed": 0,
  "per_scale_scalar_summary": {
    "0.0": {
      "count": 210576,
      "trace_cov": 46122.28125,
      "R_bar_norm": 0.7203431725502014,
      "spherical_variance": 0.2796568274497986,
      "E_norm": 300.8354187011719,
      "R": 1220.113037109375
    },
    "0.5": {
      "count": 210576,
      "trace_cov": 46235.0859375,
      "R_bar_norm": 0.7224832773208618,
      "spherical_variance": 0.2775167226791382,
      "E_norm": 302.2411193847656,
      "R": 1218.357421875
    },
    "1.0": {
      "count": 210576,
      "trace_cov": 46102.1484375,
      "R_bar_norm": 0.7258579730987549,
      "spherical_variance": 0.2741420269012451,
      "E_norm": 303.3897399902344,
      "R": 1215.111572265625
    },
    "2.0": {
      "count": 210576,
      "trace_cov": 45080.234375,
      "R_bar_norm": 0.7361235618591309,
      "spherical_variance": 0.26387643814086914,
      "E_norm": 304.84112548828125,
      "R": 1205.027099609375
    },
    "4.0": {
      "count": 210576,
      "trace_cov": 39878.875,
      "R_bar_norm": 0.7702472805976868,
      "spherical_variance": 0.22975271940231323,
      "E_norm": 303.93597412109375,
      "R": 1171.61865234375
    },
    "8.0": {
      "count": 210576,
      "trace_cov": 25963.10546875,
      "R_bar_norm": 0.8506796360015869,
      "spherical_variance": 0.14932036399841309,
      "E_norm": 298.09783935546875,
      "R": 1038.2625732421875
    }
  }
}