{
  "run_name": "bounds_llama_random_agg_matched",
  "model": "meta-llama/Meta-Llama-3-8B-Instruct",
  "steering": {
    "vector_path": null,
    "random_reference_path": "EasySteer/replications/creative_writing/create.gguf",
    "random_seed": 0,
    "target_layers": [
      16,
      17,
      18,
      19,
      20,
      21,
      22,
      23,
      24,
      25,
      26,
      27,
      28,
      29
    ],
    "scale_sweep": [
      0.0,
      0.5,
      1.0,
      2.0,
      4.0,
      8.0
    ]
  },
  "dataset": {
    "name": "HuggingFaceFW/fineweb-edu",
    "num_prompts": 1000,
    "max_seq_len": 256,
    "batch_size": 4
  },
  "reservoir_size": 1024,
  "seed": 0,
  "per_scale_scalar_summary": {
    "0.0": {
      "count": 207993,
      "trace_cov": 2162.24853515625,
      "R_bar_norm": 0.3792761266231537,
      "spherical_variance": 0.6207238733768463,
      "E_norm": 49.27457046508789,
      "R": 369.2999572753906
    },
    "0.5": {
      "count": 207993,
      "trace_cov": 2115.594482421875,
      "R_bar_norm": 0.4302540123462677,
      "spherical_variance": 0.5697459876537323,
      "E_norm": 50.00258255004883,
      "R": 303.33416748046875
    },
    "1.0": {
      "count": 207993,
      "trace_cov": 1930.573974609375,
      "R_bar_norm": 0.5396145582199097,
      "spherical_variance": 0.46038544178009033,
      "E_norm": 51.29545593261719,
      "R": 239.80386352539062
    },
    "2.0": {
      "count": 207993,
      "trace_cov": 1209.445068359375,
      "R_bar_norm": 0.7919723987579346,
      "spherical_variance": 0.20802760124206543,
      "E_norm": 55.82759475708008,
      "R": 212.20713806152344
    },
    "4.0": {
      "count": 207993,
      "trace_cov": 240.53216552734375,
      "R_bar_norm": 0.9776138663291931,
      "spherical_variance": 0.022386133670806885,
      "E_norm": 73.13773345947266,
      "R": 195.0333251953125
    },
    "8.0": {
      "count": 207993,
      "trace_cov": 142.6446075439453,
      "R_bar_norm": 0.9949644804000854,
      "spherical_variance": 0.005035519599914551,
      "E_norm": 118.97942352294922,
      "R": 162.27748107910156
    }
  }
}