{
  "0.0": {},
  "0.5": {
    "claim1_covariance_structure": {
      "name": "claim1_covariance_structure",
      "lhs": 0.4809269136935903,
      "rhs": 0.8939430398650683,
      "ratio": 0.5379838448836533,
      "passed": true,
      "detail": {
        "m_norm": 217.95379680545128,
        "trace_sigma_x": 46122.28125,
        "quad_m_hat_sigma_x_m_hat": 3656.5384336660873,
        "note": "Approximate equality (Taylor bound), not a strict \u2264."
      }
    },
    "claim2_spherical_variance": {
      "name": "claim2_spherical_variance",
      "lhs": 0.2795327305793762,
      "rhs": 1254.575587957152,
      "ratio": 0.0002228105928910544,
      "passed": true,
      "detail": {
        "s_eff_norm": 0.47958117723464966,
        "E_norm_x": 300.8354187011719
      }
    },
    "claim3_pole_concentration": {
      "name": "claim3_pole_concentration",
      "lhs": 1.459730863571167,
      "rhs": 5088.24405555182,
      "ratio": 0.00028688302833635587,
      "passed": true,
      "detail": {
        "R": 1220.113037109375,
        "s_eff_norm": 0.47958117723464966
      }
    },
    "claim4_pairwise_contraction": {
      "name": "claim4_pairwise_contraction",
      "lhs": 0.0,
      "rhs": Infinity,
      "ratio": 0.0,
      "passed": null,
      "detail": {
        "inapplicable_reason": "\u2016s_eff\u2016=0.48 \u2264 R=1.22e+03"
      }
    },
    "claim5_diameter": {
      "name": "claim5_diameter",
      "lhs": 1.5213489532470703,
      "rhs": 10176.48811110364,
      "ratio": 0.00014949646053112522,
      "passed": true,
      "detail": {
        "R": 1220.113037109375,
        "s_eff_norm": 0.47958117723464966
      }
    },
    "claim6_expected_pairwise": {
      "name": "claim6_expected_pairwise",
      "lhs": 0.9807414681694563,
      "rhs": 2509.151175914304,
      "ratio": 0.0003908658344637549,
      "passed": true,
      "detail": {
        "expected_pair_sq_chord": 0.9618538273871806
      }
    },
    "claim7_reduction_condition": {
      "name": "claim7_reduction_condition",
      "lhs": 217.95379638671875,
      "rhs": 217.9462127685547,
      "ratio": 1.000034795824473,
      "passed": true,
      "detail": {}
    },
    "claim9_alignment": {
      "name": "claim9_alignment",
      "lhs": 0.001386383263906485,
      "rhs": 1.0,
      "ratio": 0.001386383263906485,
      "passed": false,
      "detail": {
        "smallest_eigenvalue": -1.5604073762848628e-18,
        "largest_eigenvalue": 0.04899321192079026
      }
    }
  },
  "1.0": {
    "claim1_covariance_structure": {
      "name": "claim1_covariance_structure",
      "lhs": 0.48072153902147363,
      "rhs": 0.8938606935077261,
      "ratio": 0.5378036449225726,
      "passed": true,
      "detail": {
        "m_norm": 217.96573884912547,
        "trace_sigma_x": 46122.28125,
        "quad_m_hat_sigma_x_m_hat": 3655.7969699928385,
        "note": "Approximate equality (Taylor bound), not a strict \u2264."
      }
    },
    "claim2_spherical_variance": {
      "name": "claim2_spherical_variance",
      "lhs": 0.27939021587371826,
      "rhs": 628.3119784003865,
      "ratio": 0.00044466797622578385,
      "passed": true,
      "detail": {
        "s_eff_norm": 0.957598865032196,
        "E_norm_x": 300.8354187011719
      }
    },
    "claim3_pole_concentration": {
      "name": "claim3_pole_concentration",
      "lhs": 1.4280385971069336,
      "rhs": 2548.2758630219405,
      "ratio": 0.000560394036544166,
      "passed": true,
      "detail": {
        "R": 1220.113037109375,
        "s_eff_norm": 0.957598865032196
      }
    },
    "claim4_pairwise_contraction": {
      "name": "claim4_pairwise_contraction",
      "lhs": 0.0,
      "rhs": Infinity,
      "ratio": 0.0,
      "passed": null,
      "detail": {
        "inapplicable_reason": "\u2016s_eff\u2016=0.958 \u2264 R=1.22e+03"
      }
    },
    "claim5_diameter": {
      "name": "claim5_diameter",
      "lhs": 1.4861253499984741,
      "rhs": 5096.551726043881,
      "ratio": 0.00029159428372015284,
      "passed": true,
      "detail": {
        "R": 1220.113037109375,
        "s_eff_norm": 0.957598865032196
      }
    },
    "claim6_expected_pairwise": {
      "name": "claim6_expected_pairwise",
      "lhs": 0.9805320382542058,
      "rhs": 1256.623956800773,
      "ratio": 0.0007802907408756818,
      "passed": true,
      "detail": {
        "expected_pair_sq_chord": 0.9614430780429473
      }
    },
    "claim7_reduction_condition": {
      "name": "claim7_reduction_condition",
      "lhs": 217.9657440185547,
      "rhs": 217.9462127685547,
      "ratio": 1.0000896150006549,
      "passed": true,
      "detail": {}
    },
    "claim9_alignment": {
      "name": "claim9_alignment",
      "lhs": 0.012698550357458687,
      "rhs": 1.0,
      "ratio": 0.012698550357458687,
      "passed": false,
      "detail": {
        "smallest_eigenvalue": -2.2323226067108677e-18,
        "largest_eigenvalue": 0.04689332296296328
      }
    }
  },
  "2.0": {
    "claim1_covariance_structure": {
      "name": "claim1_covariance_structure",
      "lhs": 0.4802370168890171,
      "rhs": 0.8936069642646066,
      "ratio": 0.5374141385348623,
      "passed": true,
      "detail": {
        "m_norm": 218.00071089387626,
        "trace_sigma_x": 46122.28125,
        "quad_m_hat_sigma_x_m_hat": 3654.226906599895,
        "note": "Approximate equality (Taylor bound), not a strict \u2264."
      }
    },
    "claim2_spherical_variance": {
      "name": "claim2_spherical_variance",
      "lhs": 0.27905410528182983,
      "rhs": 315.02224019788207,
      "ratio": 0.0008858235060056116,
      "passed": true,
      "detail": {
        "s_eff_norm": 1.9099313020706177,
        "E_norm_x": 300.8354187011719
      }
    },
    "claim3_pole_concentration": {
      "name": "claim3_pole_concentration",
      "lhs": 1.4400371313095093,
      "rhs": 1277.6512283835668,
      "ratio": 0.0011270972072177996,
      "passed": true,
      "detail": {
        "R": 1220.113037109375,
        "s_eff_norm": 1.9099313020706177
      }
    },
    "claim4_pairwise_contraction": {
      "name": "claim4_pairwise_contraction",
      "lhs": 0.0,
      "rhs": Infinity,
      "ratio": 0.0,
      "passed": null,
      "detail": {
        "inapplicable_reason": "\u2016s_eff\u2016=1.91 \u2264 R=1.22e+03"
      }
    },
    "claim5_diameter": {
      "name": "claim5_diameter",
      "lhs": 1.508675217628479,
      "rhs": 2555.3024567671337,
      "ratio": 0.000590409645493471,
      "passed": true,
      "detail": {
        "R": 1220.113037109375,
        "s_eff_norm": 1.9099313020706177
      }
    },
    "claim6_expected_pairwise": {
      "name": "claim6_expected_pairwise",
      "lhs": 0.9800377716078265,
      "rhs": 630.0444803957641,
      "ratio": 0.0015555056858719135,
      "passed": true,
      "detail": {
        "expected_pair_sq_chord": 0.9604740337780342
      }
    },
    "claim7_reduction_condition": {
      "name": "claim7_reduction_condition",
      "lhs": 218.00071716308594,
      "rhs": 217.9462127685547,
      "ratio": 1.0002500818612028,
      "passed": true,
      "detail": {}
    },
    "claim9_alignment": {
      "name": "claim9_alignment",
      "lhs": 0.002957889492307561,
      "rhs": 1.0,
      "ratio": 0.002957889492307561,
      "passed": false,
      "detail": {
        "smallest_eigenvalue": -3.648290815060809e-18,
        "largest_eigenvalue": 0.04735654905269378
      }
    }
  },
  "4.0": {
    "claim1_covariance_structure": {
      "name": "claim1_covariance_structure",
      "lhs": 0.4790112571544647,
      "rhs": 0.8928699129566148,
      "ratio": 0.5364849349310981,
      "passed": true,
      "detail": {
        "m_norm": 218.09967006118316,
        "trace_sigma_x": 46122.28125,
        "quad_m_hat_sigma_x_m_hat": 3650.721950872098,
        "note": "Approximate equality (Taylor bound), not a strict \u2264."
      }
    },
    "claim2_spherical_variance": {
      "name": "claim2_spherical_variance",