{
  "run_name": "bounds_qwen_happy_single_L10",
  "model": "Qwen/Qwen2.5-1.5B-Instruct",
  "steering": {
    "vector_path": "EasySteer/vectors/happy_diffmean.gguf",
    "random_reference_path": null,
    "random_seed": null,
    "target_layers": [
      10
    ],
    "scale_sweep": [
      0.0,
      0.5,
      1.0,
      2.0,
      4.0,
      8.0
    ]
  },
  "dataset": {
    "name": "HuggingFaceFW/fineweb-edu",
    "num_prompts": 1000,
    "max_seq_len": 256,
    "batch_size": 8
  },
  "reservoir_size": 1024,
  "seed": 0,
  "per_scale_scalar_summary": {
    "0.0": {
      "count": 210576,
      "trace_cov": 46122.28125,
      "R_bar_norm": 0.7203431725502014,
      "spherical_variance": 0.2796568274497986,
      "E_norm": 300.8354187011719,
      "R": 1220.113037109375
    },
    "0.5": {
      "count": 210576,
      "trace_cov": 46098.6171875,
      "R_bar_norm": 0.7204672694206238,
      "spherical_variance": 0.2795327305793762,
      "E_norm": 300.803955078125,
      "R": 1219.8880615234375
    },
    "1.0": {
      "count": 210576,
      "trace_cov": 46072.40625,
      "R_bar_norm": 0.7206097841262817,
      "spherical_variance": 0.27939021587371826,
      "E_norm": 300.7716064453125,
      "R": 1219.6397705078125
    },
    "2.0": {
      "count": 210576,
      "trace_cov": 46012.41015625,
      "R_bar_norm": 0.7209458947181702,
      "spherical_variance": 0.27905410528182983,
      "E_norm": 300.7028503417969,
      "R": 1219.072509765625
    },
    "4.0": {
      "count": 210576,
      "trace_cov": 45862.8125,
      "R_bar_norm": 0.7217954993247986,
      "spherical_variance": 0.2782045006752014,
      "E_norm": 300.539306640625,
      "R": 1217.6507568359375
    },
    "8.0": {
      "count": 210576,
      "trace_cov": 45448.8515625,
      "R_bar_norm": 0.7239693403244019,
      "spherical_variance": 0.27603065967559814,
      "E_norm": 300.0135192871094,
      "R": 1213.7135009765625
    }
  }
}