{
  "run_name": "bounds_qwen_happy_single_L25",
  "model": "Qwen/Qwen2.5-1.5B-Instruct",
  "steering": {
    "vector_path": "EasySteer/vectors/happy_diffmean.gguf",
    "random_reference_path": null,
    "random_seed": null,
    "target_layers": [
      25
    ],
    "scale_sweep": [
      0.0,
      0.5,
      1.0,
      2.0,
      4.0,
      8.0
    ]
  },
  "dataset": {
    "name": "HuggingFaceFW/fineweb-edu",
    "num_prompts": 1000,
    "max_seq_len": 256,
    "batch_size": 8
  },
  "reservoir_size": 1024,
  "seed": 0,
  "per_scale_scalar_summary": {
    "0.0": {
      "count": 210576,
      "trace_cov": 46122.28125,
      "R_bar_norm": 0.7203431725502014,
      "spherical_variance": 0.2796568274497986,
      "E_norm": 300.8354187011719,
      "R": 1220.113037109375
    },
    "0.5": {
      "count": 210576,
      "trace_cov": 46124.94140625,
      "R_bar_norm": 0.7201843857765198,
      "spherical_variance": 0.2798156142234802,
      "E_norm": 300.77825927734375,
      "R": 1219.8955078125
    },
    "1.0": {
      "count": 210576,
      "trace_cov": 46127.5390625,
      "R_bar_norm": 0.7200287580490112,
      "spherical_variance": 0.27997124195098877,
      "E_norm": 300.7223815917969,
      "R": 1219.67431640625
    },
    "2.0": {
      "count": 210576,
      "trace_cov": 46132.53125,
      "R_bar_norm": 0.7197263836860657,
      "spherical_variance": 0.2802736163139343,
      "E_norm": 300.61444091796875,
      "R": 1219.2305908203125
    },
    "4.0": {
      "count": 210576,
      "trace_cov": 46141.69921875,
      "R_bar_norm": 0.7191584706306458,
      "spherical_variance": 0.28084152936935425,
      "E_norm": 300.4138488769531,
      "R": 1218.3319091796875
    },
    "8.0": {
      "count": 210576,
      "trace_cov": 46156.9375,
      "R_bar_norm": 0.7181698083877563,
      "spherical_variance": 0.28183019161224365,
      "E_norm": 300.073974609375,
      "R": 1216.475341796875
    }
  }
}