{
  "0.0": {},
  "0.5": {
    "claim1_covariance_structure": {
      "name": "claim1_covariance_structure",
      "lhs": 0.4734207272546058,
      "rhs": 0.8666989329903668,
      "ratio": 0.546234348784952,
      "passed": true,
      "detail": {
        "m_norm": 221.34358151135868,
        "trace_sigma_x": 46122.28125,
        "quad_m_hat_sigma_x_m_hat": 3660.116827174802,
        "note": "Approximate equality (Taylor bound), not a strict \u2264."
      }
    },
    "claim2_spherical_variance": {
      "name": "claim2_spherical_variance",
      "lhs": 0.2743421792984009,
      "rhs": 54.543412666966894,
      "ratio": 0.00502979490802105,
      "passed": true,
      "detail": {
        "s_eff_norm": 11.031044960021973,
        "E_norm_x": 300.8354187011719
      }
    },
    "claim3_pole_concentration": {
      "name": "claim3_pole_concentration",
      "lhs": 1.4654579162597656,
      "rhs": 221.21440743487727,
      "ratio": 0.006624604306982934,
      "passed": true,
      "detail": {
        "R": 1220.113037109375,
        "s_eff_norm": 11.031044960021973
      }
    },
    "claim4_pairwise_contraction": {
      "name": "claim4_pairwise_contraction",
      "lhs": 0.0,
      "rhs": Infinity,
      "ratio": 0.0,
      "passed": null,
      "detail": {
        "inapplicable_reason": "\u2016s_eff\u2016=11 \u2264 R=1.22e+03"
      }
    },
    "claim5_diameter": {
      "name": "claim5_diameter",
      "lhs": 1.5178587436676025,
      "rhs": 442.42881486975455,
      "ratio": 0.003430741155759579,
      "passed": true,
      "detail": {
        "R": 1220.113037109375,
        "s_eff_norm": 11.031044960021973
      }
    },
    "claim6_expected_pairwise": {
      "name": "claim6_expected_pairwise",
      "lhs": 0.9730577858016509,
      "rhs": 109.08682533393379,
      "ratio": 0.00892003028617756,
      "passed": true,
      "detail": {
        "expected_pair_sq_chord": 0.9468414545092116
      }
    },
    "claim7_reduction_condition": {
      "name": "claim7_reduction_condition",
      "lhs": 221.3435821533203,
      "rhs": 217.9462127685547,
      "ratio": 1.0155881092936148,
      "passed": true,
      "detail": {}
    },
    "claim9_alignment": {
      "name": "claim9_alignment",
      "lhs": 0.020784866878263114,
      "rhs": 1.0,
      "ratio": 0.020784866878263114,
      "passed": false,
      "detail": {
        "smallest_eigenvalue": -1.5406679064995556e-18,
        "largest_eigenvalue": 0.050199801518280705
      }
    }
  },
  "1.0": {
    "claim1_covariance_structure": {
      "name": "claim1_covariance_structure",
      "lhs": 0.46241092244857995,
      "rhs": 0.8376779007411844,
      "ratio": 0.5520151863137787,
      "passed": true,
      "detail": {
        "m_norm": 225.18062275772314,
        "trace_sigma_x": 46122.28125,
        "quad_m_hat_sigma_x_m_hat": 3646.723534455317,
        "note": "Approximate equality (Taylor bound), not a strict \u2264."
      }
    },
    "claim2_spherical_variance": {
      "name": "claim2_spherical_variance",
      "lhs": 0.2667953372001648,
      "rhs": 27.021946581233188,
      "ratio": 0.009873283421611635,
      "passed": true,
      "detail": {
        "s_eff_norm": 22.266006469726562,
        "E_norm_x": 300.8354187011719
      }
    },
    "claim3_pole_concentration": {
      "name": "claim3_pole_concentration",
      "lhs": 1.4497212171554565,
      "rhs": 109.59424077849543,
      "ratio": 0.013228078472531567,
      "passed": true,
      "detail": {
        "R": 1220.113037109375,
        "s_eff_norm": 22.266006469726562
      }
    },
    "claim4_pairwise_contraction": {
      "name": "claim4_pairwise_contraction",
      "lhs": 0.0,
      "rhs": Infinity,
      "ratio": 0.0,
      "passed": null,
      "detail": {
        "inapplicable_reason": "\u2016s_eff\u2016=22.3 \u2264 R=1.22e+03"
      }
    },
    "claim5_diameter": {
      "name": "claim5_diameter",
      "lhs": 1.5023528337478638,
      "rhs": 219.18848155699087,
      "ratio": 0.006854159593953113,
      "passed": true,
      "detail": {
        "R": 1220.113037109375,
        "s_eff_norm": 22.266006469726562
      }
    },
    "claim6_expected_pairwise": {
      "name": "claim6_expected_pairwise",
      "lhs": 0.9616765801958369,
      "rhs": 54.043893162466375,
      "ratio": 0.017794361655346543,
      "passed": true,
      "detail": {
        "expected_pair_sq_chord": 0.9248218448971599
      }
    },
    "claim7_reduction_condition": {
      "name": "claim7_reduction_condition",
      "lhs": 225.1806182861328,
      "rhs": 217.9462127685547,
      "ratio": 1.0331935362660356,
      "passed": true,
      "detail": {}
    },
    "claim9_alignment": {
      "name": "claim9_alignment",
      "lhs": 0.00866393270532139,
      "rhs": 1.0,
      "ratio": 0.00866393270532139,
      "passed": false,
      "detail": {
        "smallest_eigenvalue": -1.5609987347823218e-18,
        "largest_eigenvalue": 0.04945673132113225
      }
    }
  },
  "2.0": {
    "claim1_covariance_structure": {
      "name": "claim1_covariance_structure",
      "lhs": 0.4303978529124741,
      "rhs": 0.7732158331870951,
      "ratio": 0.5566335225423801,
      "passed": true,
      "detail": {
        "m_norm": 234.57623542408416,
        "trace_sigma_x": 46122.28125,
        "quad_m_hat_sigma_x_m_hat": 3575.298906346422,
        "note": "Approximate equality (Taylor bound), not a strict \u2264."
      }
    },
    "claim2_spherical_variance": {
      "name": "claim2_spherical_variance",
      "lhs": 0.24528008699417114,
      "rhs": 13.182064200845861,
      "ratio": 0.0186071076014356,
      "passed": true,
      "detail": {
        "s_eff_norm": 45.64314270019531,
        "E_norm_x": 300.8354187011719
      }
    },
    "claim3_pole_concentration": {
      "name": "claim3_pole_concentration",
      "lhs": 1.4163602590560913,
      "rhs": 53.463147580508476,
      "ratio": 0.026492272212803012,
      "passed": true,
      "detail": {
        "R": 1220.113037109375,
        "s_eff_norm": 45.64314270019531
      }
    },
    "claim4_pairwise_contraction": {
      "name": "claim4_pairwise_contraction",
      "lhs": 0.0,
      "rhs": Infinity,
      "ratio": 0.0,
      "passed": null,
      "detail": {
        "inapplicable_reason": "\u2016s_eff\u2016=45.6 \u2264 R=1.22e+03"
      }
    },
    "claim5_diameter": {
      "name": "claim5_diameter",
      "lhs": 1.4853440523147583,
      "rhs": 106.92629516101695,
      "ratio": 0.013891288855356163,
      "passed": true,
      "detail": {
        "R": 1220.113037109375,
        "s_eff_norm": 45.64314270019531
      }
    },
    "claim6_expected_pairwise": {
      "name": "claim6_expected_pairwise",
      "lhs": 0.9277907661886641,
      "rhs": 26.364128401691723,
      "ratio": 0.035191406749829436,
      "passed": true,
      "detail": {
        "expected_pair_sq_chord": 0.8607957058249482
      }
    },
    "claim7_reduction_condition": {
      "name": "claim7_reduction_condition",
      "lhs": 234.57623291015625,
      "rhs": 217.9462127685547,
      "ratio": 1.0763033224131386,
      "passed": true,
      "detail": {}
    },
    "claim9_alignment": {
      "name": "claim9_alignment",
      "lhs": 0.006894161297072467,
      "rhs": 1.0,
      "ratio": 0.006894161297072467,
      "passed": false,
      "detail": {
        "smallest_eigenvalue": -1.3374045441109119e-18,
        "largest_eigenvalue": 0.05271848331024568
      }
    }
  },
  "4.0": {
    "claim1_covariance_structure": {
      "name": "claim1_covariance_structure",
      "lhs": 0.3480613685491676,
      "rhs": 0.6584880487842959,
      "ratio": 0.5285765917722581,
      "passed": true,
      "detail": {
        "m_norm": 254.99556842831595,
        "trace_sigma_x": 46122.28125,
        "quad_m_hat_sigma_x_m_hat": 3305.5841147347737,
        "note": "Approximate equality (Taylor bound), not a strict \u2264."
      }
    },
    "claim2_spherical_variance": {
      "name": "claim2_spherical_variance",
      "lhs": 0.19257283210754395,