{
  "run_name": "bounds_qwen_style",
  "model": "Qwen/Qwen2.5-1.5B-Instruct",
  "steering": {
    "vector_path": "EasySteer/replications/steerable_chatbot/style-probe.gguf",
    "random_reference_path": null,
    "random_seed": null,
    "target_layers": [
      0,
      1,
      2,
      3,
      4,
      5,
      6,
      7,
      8,
      9,
      10,
      11,
      12,
      13,
      14,
      15,
      16,
      17,
      18,
      19,
      20,
      21,
      22,
      23,
      24,
      25,
      26,
      27
    ],
    "scale_sweep": [
      0.0,
      0.5,
      1.0,
      2.0,
      4.0,
      8.0
    ]
  },
  "dataset": {
    "name": "HuggingFaceFW/fineweb-edu",
    "num_prompts": 1000,
    "max_seq_len": 256,
    "batch_size": 8
  },
  "reservoir_size": 1024,
  "seed": 0,
  "per_scale_scalar_summary": {
    "0.0": {
      "count": 210576,
      "trace_cov": 46122.28125,
      "R_bar_norm": 0.7203431725502014,
      "spherical_variance": 0.2796568274497986,
      "E_norm": 300.8354187011719,
      "R": 1220.113037109375
    },
    "0.5": {
      "count": 210576,
      "trace_cov": 46204.265625,
      "R_bar_norm": 0.7256578207015991,
      "spherical_variance": 0.2743421792984009,
      "E_norm": 303.3498840332031,
      "R": 1218.070556640625
    },
    "1.0": {
      "count": 210576,
      "trace_cov": 45868.28125,
      "R_bar_norm": 0.7332046627998352,
      "spherical_variance": 0.2667953372001648,
      "E_norm": 305.5586242675781,
      "R": 1213.6810302734375
    },
    "2.0": {
      "count": 210576,
      "trace_cov": 44078.59375,
      "R_bar_norm": 0.7547199130058289,
      "spherical_variance": 0.24528008699417114,
      "E_norm": 309.6988525390625,
      "R": 1240.0648193359375
    },
    "4.0": {
      "count": 210576,
      "trace_cov": 37468.29296875,
      "R_bar_norm": 0.807427167892456,
      "spherical_variance": 0.19257283210754395,
      "E_norm": 315.746826171875,
      "R": 1272.9461669921875
    },
    "8.0": {
      "count": 210576,
      "trace_cov": 23119.484375,
      "R_bar_norm": 0.8787391781806946,
      "spherical_variance": 0.12126082181930542,
      "E_norm": 308.25189208984375,
      "R": 944.8392944335938
    }
  }
}