{
  "run_name": "bounds_qwen_style",
  "model": "Qwen/Qwen2.5-1.5B-Instruct",
  "steering": {
    "vector_path": "EasySteer/replications/steerable_chatbot/style-probe.gguf",
    "random_reference_path": null,
    "random_seed": null,
    "target_layers": [
      0,
      1,
      2,
      3,
      4,
      5,
      6,
      7,
      8,
      9,
      10,
      11,
      12,
      13,
      14,
      15,
      16,
      17,
      18,
      19,
      20,
      21,
      22,
      23,
      24,
      25,
      26,
      27
    ],
    "scale_sweep": [
      0.0,
      0.5,
      1.0,
      2.0,
      4.0,
      8.0
    ]
  },
  "dataset": {
    "name": "HuggingFaceFW/fineweb-edu",
    "num_prompts": 1000,
    "max_seq_len": 256,
    "batch_size": 8
  },
  "reservoir_size": 1024,
  "seed": 0,
  "per_scale_scalar_summary": {
    "0.0": {
      "count": 210576,
      "trace_cov": 46122.28125,
      "R_bar_norm": 0.7203431725502014,
      "spherical_variance": 0.2796568274497986,
      "E_norm": 300.8354187011719,
      "R": 1220.113037109375
    },
    "0.5": {
      "count": 210576,
      "trace_cov": 46144.0078125,
      "R_bar_norm": 0.7209872603416443,
      "spherical_variance": 0.2790127396583557,
      "E_norm": 301.1726989746094,
      "R": 1220.113037109375
    },
    "1.0": {
      "count": 210576,
      "trace_cov": 46138.9296875,
      "R_bar_norm": 0.7217187285423279,
      "spherical_variance": 0.2782812714576721,
      "E_norm": 301.4708557128906,
      "R": 1220.113037109375
    },
    "2.0": {
      "count": 210576,
      "trace_cov": 46070.78125,
      "R_bar_norm": 0.7234224081039429,
      "spherical_variance": 0.27657759189605713,
      "E_norm": 302.0155334472656,
      "R": 1220.113037109375
    },
    "4.0": {
      "count": 210576,
      "trace_cov": 45916.28515625,
      "R_bar_norm": 0.7259535193443298,
      "spherical_variance": 0.27404648065567017,
      "E_norm": 302.810302734375,
      "R": 1220.113037109375
    },
    "8.0": {
      "count": 210576,
      "trace_cov": 45937.9140625,
      "R_bar_norm": 0.7218632698059082,
      "spherical_variance": 0.2781367301940918,
      "E_norm": 301.6605224609375,
      "R": 1220.113037109375
    }
  }
}