{
  "n_prompts": 50,
  "n_scales": 6,
  "scales": [
    0.0,
    0.5,
    1.0,
    2.0,
    4.0,
    8.0
  ],
  "pages_l_tests": {
    "mean_pairwise_cosine_distance": {
      "L": 3909.0,
      "L_expected": 3675.0,
      "L_var": 3062.5,
      "z_score": 4.228416985596576,
      "p_value": 1.1767065935974763e-05,
      "n": 50,
      "k": 6
    },
    "num_clusters": {
      "L": 4140.5,
      "L_expected": 3675.0,
      "L_var": 3062.5,
      "z_score": 8.41165857604789,
      "p_value": 0.0,
      "n": 50,
      "k": 6
    },
    "noise_ratio": {
      "L": 3130.0,
      "L_expected": 3675.0,
      "L_var": 3062.5,
      "z_score": -9.84823614166724,
      "p_value": 1.0,
      "n": 50,
      "k": 6
    },
    "cluster_entropy": {
      "L": 3402.0,
      "L_expected": 3675.0,
      "L_var": 3062.5,
      "z_score": -4.933153149862672,
      "p_value": 0.999999595436689,
      "n": 50,
      "k": 6
    },
    "mean_intra_cluster_distance": {
      "L": 4232.0,
      "L_expected": 3675.0,
      "L_var": 3062.5,
      "z_score": 10.065078038364499,
      "p_value": 0.0,
      "n": 50,
      "k": 6
    },
    "mean_inter_cluster_distance": {
      "L": 3770.0,
      "L_expected": 3675.0,
      "L_var": 3062.5,
      "z_score": 1.7166650155199774,
      "p_value": 0.04302019789228384,
      "n": 50,
      "k": 6
    }
  },
  "holm_bonferroni": {
    "cluster_entropy": {
      "raw_p": 0.999999595436689,
      "adjusted_p": 1.0,
      "significant": false
    },
    "mean_inter_cluster_distance": {
      "raw_p": 0.04302019789228384,
      "adjusted_p": 0.12906059367685152,
      "significant": false
    },
    "mean_intra_cluster_distance": {
      "raw_p": 0.0,
      "adjusted_p": 0.0,
      "significant": true
    },
    "mean_pairwise_cosine_distance": {
      "raw_p": 1.1767065935974763e-05,
      "adjusted_p": 4.706826374389905e-05,
      "significant": true
    },
    "noise_ratio": {
      "raw_p": 1.0,
      "adjusted_p": 1.0,
      "significant": false
    },
    "num_clusters": {
      "raw_p": 0.0,
      "adjusted_p": 0.0,
      "significant": true
    }
  },
  "mixed_effects": {
    "beta": -0.003991098480839959,
    "se": 0.0013556538419179545,
    "ci_95_low": -0.00664818001099915,
    "ci_95_high": -0.0013340169506807684,
    "p_value": 0.00323958633436958,
    "converged": true
  },
  "spearman_effect_size": {
    "rho": -0.2339850725231194,
    "p_value": 4.262357599626184e-05,
    "ci_95_low": -0.3396327004106795,
    "ci_95_high": -0.12083489801378429,
    "n_bootstrap": 10000
  }
}