{
  "n_prompts": 50,
  "n_scales": 6,
  "scales": [
    0.0,
    0.5,
    1.0,
    2.0,
    4.0,
    8.0
  ],
  "pages_l_tests": {
    "mean_pairwise_cosine_distance": {
      "L": 3359.0,
      "L_expected": 3675.0,
      "L_var": 3062.5,
      "z_score": -5.710169946361188,
      "p_value": 0.9999999943568293,
      "n": 50,
      "k": 6
    },
    "num_clusters": {
      "L": 4063.5,
      "L_expected": 3675.0,
      "L_var": 3062.5,
      "z_score": 7.020256405573803,
      "p_value": 1.1073364447611311e-12,
      "n": 50,
      "k": 6
    },
    "noise_ratio": {
      "L": 3122.0,
      "L_expected": 3675.0,
      "L_var": 3062.5,
      "z_score": -9.992797406132079,
      "p_value": 1.0,
      "n": 50,
      "k": 6
    },
    "cluster_entropy": {
      "L": 3309.5,
      "L_expected": 3675.0,
      "L_var": 3062.5,
      "z_score": -6.604642770237387,
      "p_value": 0.9999999999800762,
      "n": 50,
      "k": 6
    },
    "mean_intra_cluster_distance": {
      "L": 4250.0,
      "L_expected": 3675.0,
      "L_var": 3062.5,
      "z_score": 10.39034088341039,
      "p_value": 0.0,
      "n": 50,
      "k": 6
    },
    "mean_inter_cluster_distance": {
      "L": 3688.0,
      "L_expected": 3675.0,
      "L_var": 3062.5,
      "z_score": 0.23491205475536533,
      "p_value": 0.40713849650582457,
      "n": 50,
      "k": 6
    }
  },
  "holm_bonferroni": {
    "cluster_entropy": {
      "raw_p": 0.9999999999800762,
      "adjusted_p": 1.0,
      "significant": false
    },
    "mean_inter_cluster_distance": {
      "raw_p": 0.40713849650582457,
      "adjusted_p": 1.0,
      "significant": false
    },
    "mean_intra_cluster_distance": {
      "raw_p": 0.0,
      "adjusted_p": 0.0,
      "significant": true
    },
    "mean_pairwise_cosine_distance": {
      "raw_p": 0.9999999943568293,
      "adjusted_p": 1.0,
      "significant": false
    },
    "noise_ratio": {
      "raw_p": 1.0,
      "adjusted_p": 1.0,
      "significant": false
    },
    "num_clusters": {
      "raw_p": 1.1073364447611311e-12,
      "adjusted_p": 5.536682223805656e-12,
      "significant": true
    }
  },
  "mixed_effects": {
    "beta": 0.0171619612280674,
    "se": 0.0012827106567603432,
    "ci_95_low": 0.01464784834081713,
    "ci_95_high": 0.019676074115317674,
    "p_value": 7.973676006966255e-41,
    "converged": true
  },
  "spearman_effect_size": {
    "rho": 0.3970669435284452,
    "p_value": 9.029116449864257e-13,
    "ci_95_low": 0.2775666950569764,
    "ci_95_high": 0.5067445986417748,
    "n_bootstrap": 10000
  }
}